,Worker,Job Profile,Department,Cross Appointments,IQC,CAMJ,CPTT,Climate,IPR,WCA,CTN,Game,WAT.AI,GHPI,WISA,MICRO,WISE,CCMIC,CPI,WICI,WIN,Water,CBB
0,David Del Rey Fernandez,Assistant Professor,Applied Mathematics,,False,False,False,False,False,False,False,False,False,False,True,False,False,True,False,False,False,False,False
1,Giang Tran,Assistant Professor,Applied Mathematics,,False,False,False,False,False,False,False,False,False,False,False,False,False,False,False,False,False,False,False
2,Henry Shum,Assistant Professor,Applied Mathematics,,False,False,False,False,False,False,False,False,False,False,False,False,False,False,False,False,False,False,False
3,Roberto Guglielmi,Assistant Professor,Applied Mathematics,,False,False,False,True,False,False,False,False,False,False,False,False,True,False,False,False,False,False,False
4,Eduardo Martin-Martinez,Associate Professor,Applied Mathematics,PHYS,False,False,False,False,False,True,False,False,False,False,False,False,False,False,False,False,False,False,False
5,Florian Girelli,Associate Professor,Applied Mathematics,,False,False,False,False,False,False,False,False,False,False,False,False,False,False,False,False,False,False,False
6,Joseph Emerson,Associate Professor,Applied Mathematics,,True,False,False,False,False,False,False,False,False,False,False,False,False,False,False,False,False,False,False
7,Jun Liu,Associate Professor,Applied Mathematics,,False,False,False,False,False,False,False,False,True,False,False,False,False,False,False,False,False,False,False
8,Matthew Scott,Associate Professor,Applied Mathematics,BIOL,False,False,False,False,False,False,False,False,False,False,False,True,False,False,False,False,False,False,True
9,Michael Waite,Associate Professor,Applied Mathematics,,False,False,False,True,False,False,False,False,False,False,False,False,False,False,False,False,False,True,False
10,Sander Rhebergen,Associate Professor,Applied Mathematics,,False,False,False,False,False,False,False,False,False,False,True,False,False,False,False,False,False,False,False
14,Achim Kempf,Professor,Applied Mathematics,,False,False,False,False,False,True,False,False,True,False,False,False,False,False,False,False,False,False,False
15,Anita Layton,Professor,Applied Mathematics,"CS, BIOL, CHEMENG",False,False,False,False,False,False,False,False,False,False,False,False,False,False,False,False,True,False,True
16,Brian Ingalls,Professor,Applied Mathematics,BIOL,False,False,False,False,False,False,False,False,False,False,False,True,False,False,True,False,False,False,True
17,Christopher Bauch,Professor,Applied Mathematics,,False,False,False,False,False,False,False,False,False,False,False,False,False,False,False,False,False,False,False
18,Edward Vrscay,Professor,Applied Mathematics,,False,False,False,False,False,False,False,False,False,False,False,False,False,False,False,False,False,False,False
19,Francis Poulin,Professor,Applied Mathematics,PHYS,False,False,False,True,False,False,False,False,False,False,False,False,False,False,False,True,False,True,False
20,Hans De Sterck,Professor,Applied Mathematics,,False,False,False,True,False,False,False,False,True,False,False,False,False,True,False,True,False,False,False
21,Kevin Lamb,Professor,Applied Mathematics,,False,False,False,True,False,False,False,False,False,False,False,False,False,False,False,False,False,True,False
22,Kirsten Morris,Professor,Applied Mathematics,,False,False,False,False,False,False,False,False,True,False,False,False,False,False,False,False,False,False,False
23,Lilia Krivodonova,Professor,Applied Mathematics,,False,False,False,False,False,False,False,False,False,False,False,False,False,False,False,False,False,False,False
24,Marek Stastna,Professor,Applied Mathematics,,False,False,False,True,False,False,False,False,False,False,False,False,False,False,False,True,False,True,False
25,Mohammad Kohandel,Professor,Applied Mathematics,,False,False,False,False,False,False,False,False,True,False,False,False,False,False,False,False,True,False,True
26,Navaratnam Sri Namachchivaya,Professor,Applied Mathematics,,False,False,False,False,False,False,False,False,False,False,False,False,False,False,False,False,False,False,False
27,Sivabal Sivaloganathan,Professor,Applied Mathematics,,False,False,False,False,False,False,False,False,False,False,False,False,False,False,False,False,False,False,True
28,Sue Ann Campbell,Professor,Applied Mathematics,,False,False,False,False,False,False,False,False,False,False,False,False,False,True,True,False,False,False,False
29,Xinzhi Liu,Professor,Applied Mathematics,,False,False,False,False,False,False,False,False,False,False,False,False,False,False,False,False,False,False,False
30,Zoran Miskovic,Professor,Applied Mathematics,,False,False,False,False,False,False,False,False,False,False,False,False,False,False,False,False,True,False,False
31,Conrad Hewitt,Associate Professor,Centre for Education in Math and Computing,,False,False,False,False,False,False,False,False,False,False,False,False,False,False,False,False,False,False,False
46,Serge D'Alessio,Professor,Centre for Education in Math and Computing,,False,False,False,False,False,False,False,False,False,False,False,False,False,True,False,False,False,True,False
47,Ali Mashtizadeh,Assistant Professor,Cheriton School of Computer Science,,False,False,False,False,False,False,True,False,False,False,False,False,False,False,False,False,False,False,False
48,Chengnian Sun,Assistant Professor,Cheriton School of Computer Science,,False,False,False,False,False,False,False,False,True,False,False,False,False,False,False,False,False,False,False
49,Diogo Barradas,Assistant Professor,Cheriton School of Computer Science,,False,False,False,False,False,False,True,False,False,False,False,False,False,False,False,False,False,False,False
50,Gautam Kamath,Assistant Professor,Cheriton School of Computer Science,,False,False,False,False,False,False,True,False,False,False,False,False,False,False,False,False,False,False,False
51,Hongyang Zhang,Assistant Professor,Cheriton School of Computer Science,,False,False,False,False,False,False,False,False,False,False,False,False,False,False,False,False,False,False,False
52,Jian Zhao,Assistant Professor,Cheriton School of Computer Science,,False,False,False,False,False,False,False,False,True,False,True,False,False,False,False,False,False,False,False
53,Kimon Fountoulakis,Assistant Professor,Cheriton School of Computer Science,,False,False,False,False,False,False,False,False,False,False,False,False,False,True,False,False,False,False,False
54,Meng Xu,Assistant Professor,Cheriton School of Computer Science,,False,False,False,False,False,False,True,False,False,False,False,False,False,False,False,False,False,False,False
55,Mina Tahmasbi Arashloo,Assistant Professor,Cheriton School of Computer Science,,False,False,False,False,False,False,False,False,False,False,False,False,False,False,False,False,False,False,False
56,Mohammad Hajiabadi,Assistant Professor,Cheriton School of Computer Science,,False,False,False,False,False,False,True,False,False,False,False,False,False,False,False,False,False,False,False
57,Rafael Mendes de Oliveira,Assistant Professor,Cheriton School of Computer Science,,False,False,False,False,False,False,False,False,False,False,False,False,False,False,False,False,False,False,False
58,Shalev Ben-David,Assistant Professor,Cheriton School of Computer Science,,True,False,False,False,False,False,False,False,False,False,False,False,False,False,False,False,False,False,False
59,Sujaya Maiyya,Assistant Professor,Cheriton School of Computer Science,,False,False,False,False,False,False,False,False,False,False,False,False,False,False,False,False,False,False,False
60,Trevor Brown,Assistant Professor,Cheriton School of Computer Science,,False,False,False,False,False,False,False,False,False,False,False,False,False,False,False,False,False,False,False
61,Wenhu Chen,Assistant Professor,Cheriton School of Computer Science,,False,False,False,False,False,False,False,False,False,False,False,False,False,False,False,False,False,False,False
62,Xi He,Assistant Professor,Cheriton School of Computer Science,,False,False,False,False,False,False,True,False,False,False,False,False,False,False,False,False,False,False,False
63,Yizhou Zhang,Assistant Professor,Cheriton School of Computer Science,,False,False,False,False,False,False,False,False,False,False,False,False,False,False,False,False,False,False,False
64,Yousra Aafer,Assistant Professor,Cheriton School of Computer Science,,False,False,False,False,False,False,True,False,False,False,False,False,False,False,False,False,False,False,False
65,Arne Storjohann,Associate Professor,Cheriton School of Computer Science,,False,False,False,False,False,False,False,False,False,False,False,False,False,False,False,False,False,False,False
66,Bernard Wong,Associate Professor,Cheriton School of Computer Science,,False,False,False,False,False,False,True,False,False,False,False,False,False,False,False,False,False,False,False
67,Christopher Batty,Associate Professor,Cheriton School of Computer Science,,False,False,False,False,False,False,False,False,False,False,False,False,False,True,False,False,False,False,False
68,Craig Kaplan,Associate Professor,Cheriton School of Computer Science,,False,False,False,False,False,False,False,False,False,False,False,False,False,False,False,False,False,False,False
69,Daniel Vogel,Associate Professor,Cheriton School of Computer Science,,False,False,False,False,False,False,False,False,True,False,False,False,False,False,False,False,False,False,False
70,Edith Law,Associate Professor,Cheriton School of Computer Science,,False,False,False,False,False,False,False,False,True,False,False,False,False,False,False,False,False,False,True
71,Eric Blais,Associate Professor,Cheriton School of Computer Science,,False,False,False,False,False,False,False,False,False,False,False,False,False,False,False,False,False,False,False
72,Grant Weddell,Associate Professor,Cheriton School of Computer Science,,False,False,False,False,False,False,False,False,False,False,False,False,False,False,False,False,False,False,False
73,Ian McKillop,Associate Professor,Cheriton School of Computer Science,,False,False,False,False,False,False,True,False,False,False,False,False,False,False,False,False,False,False,True
74,Jeffery Orchard,Associate Professor,Cheriton School of Computer Science,CS,False,False,False,False,False,False,False,False,False,False,False,False,False,False,False,False,False,False,False
75,Jonathan Buss,Associate Professor,Cheriton School of Computer Science,,False,False,False,False,False,False,False,False,False,False,False,False,False,False,False,False,False,False,False
76,Meiyappan Nagappan,Associate Professor,Cheriton School of Computer Science,,False,False,False,False,False,False,False,False,False,False,False,False,False,False,False,False,False,False,False
77,Nancy Day,Associate Professor,Cheriton School of Computer Science,,False,False,False,False,False,False,False,False,False,False,False,False,False,False,False,False,False,False,False
78,Naomi Nishimura,Associate Professor,Cheriton School of Computer Science,,False,False,False,False,False,False,False,False,False,False,False,False,False,False,False,False,False,False,False
79,Peter Buhr,Associate Professor,Cheriton School of Computer Science,,False,False,False,False,False,False,False,False,False,False,False,False,False,False,False,False,False,False,False
80,Richard Mann,Associate Professor,Cheriton School of Computer Science,,False,False,False,False,False,False,False,False,False,False,False,False,False,False,False,False,False,False,False
81,Richard Peng,Associate Professor,Cheriton School of Computer Science,,False,False,False,False,False,False,False,False,False,False,False,False,False,False,False,False,False,False,False
82,Richard Trefler,Associate Professor,Cheriton School of Computer Science,,False,False,False,False,False,False,False,False,False,False,False,False,False,False,False,False,False,False,False
83,Samer Al Kiswany,Associate Professor,Cheriton School of Computer Science,,False,False,False,False,False,False,False,False,False,False,False,False,False,False,False,False,False,False,False
84,Semih Salihoglu,Associate Professor,Cheriton School of Computer Science,,False,False,False,False,False,False,False,False,False,False,False,False,False,False,False,False,False,False,False
85,Sergey Gorbunov,Associate Professor,Cheriton School of Computer Science,,False,False,False,False,False,False,False,False,False,False,False,False,False,False,False,False,False,False,False
86,Shane McIntosh,Associate Professor,Cheriton School of Computer Science,,False,False,False,False,False,False,False,False,False,False,False,False,False,False,False,False,False,False,False
87,Toshiya Hachisuka,Associate Professor,Cheriton School of Computer Science,,False,False,False,False,False,False,False,False,False,False,False,False,False,False,False,False,False,False,False
88,Urs Hengartner,Associate Professor,Cheriton School of Computer Science,,False,False,False,False,False,False,True,False,True,False,False,False,False,False,False,False,False,False,False
89,Yaoliang Yu,Associate Professor,Cheriton School of Computer Science,,False,False,False,False,False,False,True,False,True,False,False,False,False,False,False,False,False,False,False
110,Anna Lubiw,Professor,Cheriton School of Computer Science,,False,False,False,False,False,False,False,False,False,False,False,False,False,False,False,False,False,False,False
111,Bin Ma,Professor,Cheriton School of Computer Science,,False,False,False,False,False,False,False,False,True,False,False,False,False,False,False,False,False,False,False
112,Charles Clarke,Professor,Cheriton School of Computer Science,,False,False,False,False,False,False,False,False,True,False,True,False,False,False,False,False,False,False,False
113,Daniel Berry,Professor,Cheriton School of Computer Science,,False,False,False,False,False,False,False,False,False,False,False,False,False,False,False,False,False,False,False
114,Daniel Brown,Professor,Cheriton School of Computer Science,BIOL,False,False,False,False,False,False,False,False,False,False,False,True,False,False,False,False,False,False,False
115,David Toman,Professor,Cheriton School of Computer Science,,False,False,False,False,False,False,False,False,False,False,False,False,False,False,False,False,False,False,False
116,Eric Schost,Professor,Cheriton School of Computer Science,,False,False,False,False,False,False,False,False,False,False,False,False,False,False,False,False,False,False,False
117,Florian Kerschbaum,Professor,Cheriton School of Computer Science,,False,False,False,False,False,False,True,False,False,False,False,False,False,False,False,False,False,False,False
118,George Labahn,Professor,Cheriton School of Computer Science,,False,False,False,False,False,False,False,False,True,False,False,False,False,False,False,False,False,False,False
119,Gladimir Baranoski,Professor,Cheriton School of Computer Science,,False,False,False,False,False,False,False,False,False,False,False,False,False,True,False,False,False,True,True
120,Gordon Cormack,Professor,Cheriton School of Computer Science,,False,False,False,False,False,False,False,False,True,False,False,False,False,False,False,False,False,False,False
121,Ian Goldberg,Professor,Cheriton School of Computer Science,,False,False,False,False,False,False,True,False,False,False,False,False,False,False,False,False,False,False,False
122,Ihab Ilyas,Professor,Cheriton School of Computer Science,,False,False,False,False,False,False,False,False,False,False,False,False,True,False,False,False,False,False,False
123,James Munro,Professor,Cheriton School of Computer Science,,False,False,False,False,False,False,False,False,False,False,False,False,False,False,False,False,False,False,False
124,Jeffrey Shallit,Professor,Cheriton School of Computer Science,,False,False,False,False,False,False,False,False,False,False,False,False,False,False,False,False,False,False,False
125,Jesse Hoey,Professor,Cheriton School of Computer Science,,False,False,False,False,False,False,False,False,True,False,False,False,False,False,True,False,False,False,True
126,Jimmy Lin,Professor,Cheriton School of Computer Science,,False,False,False,False,False,False,False,False,True,False,False,False,False,False,False,False,False,False,False
127,Joanne Atlee,Professor,Cheriton School of Computer Science,,False,False,False,False,False,False,False,False,False,False,False,False,False,False,False,False,False,False,False
128,John Watrous,Professor,Cheriton School of Computer Science,AMATH,True,False,False,False,False,False,False,False,False,False,False,False,False,False,False,False,False,False,False
129,Justin Wan,Professor,Cheriton School of Computer Science,AMATH,False,False,False,False,False,False,False,False,True,False,False,False,False,False,False,False,False,False,True
130,Katherine Larson,Professor,Cheriton School of Computer Science,,False,False,False,False,False,False,False,False,False,False,False,False,False,False,False,False,False,False,False
131,Kenneth Salem,Professor,Cheriton School of Computer Science,,False,False,False,False,False,False,False,False,False,False,False,False,False,False,False,False,False,False,False
132,Lap Chi Lau,Professor,Cheriton School of Computer Science,,False,False,False,False,False,False,False,False,False,False,False,False,False,False,False,False,False,False,False
133,Lila Kari,Professor,Cheriton School of Computer Science,,False,False,False,False,False,False,False,False,True,False,False,False,False,False,False,False,False,False,False
134,Mark Giesbrecht,Professor,Cheriton School of Computer Science,,False,False,False,False,False,False,False,False,False,False,False,False,False,True,False,False,False,False,False
135,Martin Karsten,Professor,Cheriton School of Computer Science,,False,False,False,False,False,False,False,False,True,False,False,False,False,False,False,False,False,False,False
136,Michael Godfrey,Professor,Cheriton School of Computer Science,,False,False,False,False,False,False,False,False,False,False,False,False,False,False,False,False,False,False,False
137,Ming Li,Professor,Cheriton School of Computer Science,,False,False,False,False,False,False,False,False,True,False,False,False,False,False,False,False,False,False,True
138,N. Asokan,Professor,Cheriton School of Computer Science,,False,False,False,False,False,False,True,False,False,False,False,False,False,False,False,False,False,False,False
139,Olga Veksler,Professor,Cheriton School of Computer Science,,False,False,False,False,False,False,False,False,True,False,False,False,False,False,False,False,False,False,False
140,Ondrej Lhotak,Professor,Cheriton School of Computer Science,,False,False,False,False,False,False,False,False,False,False,False,False,False,False,False,False,False,False,False
141,Pascal Poupart,Professor,Cheriton School of Computer Science,STAT,False,False,False,False,False,False,False,False,True,False,False,False,False,False,False,False,False,False,True
142,Peter van Beek,Professor,Cheriton School of Computer Science,,False,False,False,False,False,False,False,False,True,False,False,False,False,False,False,False,False,False,False
143,Prabhakar Ragde,Professor,Cheriton School of Computer Science,,False,False,False,False,False,False,False,False,False,False,False,False,False,False,False,False,False,False,False
144,Raouf Boutaba,Professor,Cheriton School of Computer Science,,False,False,False,False,False,False,False,False,True,False,False,False,False,False,False,False,False,False,False
145,Richard Cleve,Professor,Cheriton School of Computer Science,,True,False,False,False,False,False,False,False,False,False,False,False,False,False,False,False,False,False,False
146,Robin Cohen,Professor,Cheriton School of Computer Science,,False,False,False,False,False,False,False,False,True,False,False,False,False,False,False,False,False,False,False
147,Shai Ben-David,Professor,Cheriton School of Computer Science,STAT,False,False,False,False,False,False,False,False,True,False,False,False,False,True,False,False,False,False,False
148,Stephen Mann,Professor,Cheriton School of Computer Science,MECTRON,False,False,False,False,False,False,False,False,False,False,False,False,False,False,False,False,False,False,False
149,Stephen Watt,Professor,Cheriton School of Computer Science,,False,False,False,False,False,False,False,False,True,False,False,False,False,False,False,False,False,False,False
150,Tamer Ozsu,Professor,Cheriton School of Computer Science,,False,False,False,False,False,False,False,False,False,False,False,False,False,False,False,False,False,False,False
151,Therese Biedl,Professor,Cheriton School of Computer Science,,False,False,False,False,False,False,False,False,False,False,False,False,False,False,False,False,False,False,False
152,Timothy Brecht,Professor,Cheriton School of Computer Science,,False,False,False,False,False,False,False,False,False,False,False,False,False,False,False,False,False,False,False
153,Yuri Boykov,Professor,Cheriton School of Computer Science,,False,False,False,False,False,False,False,False,True,False,False,False,False,True,False,False,False,False,False
154,Yuying Li,Professor,Cheriton School of Computer Science,,False,False,False,False,False,False,False,False,True,False,False,False,False,False,False,False,False,False,False
155,Jonathan Leake,Assistant Professor,Combinatorics and Optimization,,False,False,False,False,False,False,False,False,False,False,False,False,False,False,False,False,False,False,False
156,Kanstantsin Pashkovich,Assistant Professor,Combinatorics and Optimization,,False,False,False,False,False,False,False,False,False,False,False,False,False,False,False,False,False,False,False
157,Oliver Pechenik,Assistant Professor,Combinatorics and Optimization,,False,False,False,False,False,False,False,False,False,False,False,False,False,False,False,False,False,False,False
158,Olya Mandelshtam,Assistant Professor,Combinatorics and Optimization,,False,False,False,False,False,False,False,False,False,False,False,False,False,False,False,False,False,False,False
159,Pu Jane Gao,Assistant Professor,Combinatorics and Optimization,,False,False,False,False,False,False,False,False,False,False,False,False,False,False,False,False,False,False,False
160,Sophie Spirkl,Assistant Professor,Combinatorics and Optimization,,False,False,False,False,False,False,False,False,False,False,False,False,False,False,False,False,False,False,False
161,Stephen Melczer,Assistant Professor,Combinatorics and Optimization,,False,False,False,False,False,False,False,False,False,False,False,False,False,False,False,False,False,False,False
162,Venkata Satya Purna Vijay Bhattiprolu,Assistant Professor,Combinatorics and Optimization,,False,False,False,False,False,False,False,False,False,False,False,False,False,False,False,False,False,False,False
163,Walaa Moursi,Assistant Professor,Combinatorics and Optimization,,False,False,False,False,False,False,False,False,False,False,False,False,False,False,False,False,False,False,False
164,Alexander Peter Nelson,Associate Professor,Combinatorics and Optimization,,False,False,False,False,False,False,False,False,False,False,False,False,False,False,False,False,False,False,False
165,David Gosset,Associate Professor,Combinatorics and Optimization,,True,False,False,False,False,False,False,False,False,False,False,False,False,True,False,False,False,False,False
166,Douglas Stebila,Associate Professor,Combinatorics and Optimization,CS,False,False,False,False,False,False,True,False,False,False,False,False,False,False,False,False,False,False,False
167,Jon Yard,Associate Professor,Combinatorics and Optimization,,True,False,False,False,False,False,True,False,False,False,False,False,False,False,False,False,False,False,False
168,Kevin Purbhoo,Associate Professor,Combinatorics and Optimization,,False,False,False,False,False,False,False,False,False,False,False,False,False,False,False,False,False,False,False
169,Luke Postle,Associate Professor,Combinatorics and Optimization,,False,False,False,False,False,False,False,False,False,False,False,False,False,False,False,False,False,False,False
171,Alfred Menezes,Professor,Combinatorics and Optimization,CS,False,False,False,False,False,False,True,False,False,False,False,False,False,False,False,False,False,False,False
172,Ashwin Nayak,Professor,Combinatorics and Optimization,,True,False,False,False,False,False,False,False,False,False,False,False,False,False,False,False,False,False,False
173,Bertrand Guenin,Professor,Combinatorics and Optimization,,False,False,False,False,False,False,False,False,False,False,False,False,False,False,False,False,False,False,False
174,Chaitanya Swamy,Professor,Combinatorics and Optimization,,False,False,False,False,False,False,False,False,True,False,False,False,False,False,False,False,False,False,False
175,David Jao,Professor,Combinatorics and Optimization,CS,False,False,False,False,False,False,True,False,False,False,False,False,False,False,False,False,False,False,False
176,David Wagner,Professor,Combinatorics and Optimization,,False,False,False,False,False,False,False,False,False,False,False,False,False,False,False,False,False,False,False
177,Debbie Leung,Professor,Combinatorics and Optimization,,True,False,False,False,False,False,True,False,False,False,False,False,False,False,False,False,False,False,False
178,Henry Wolkowicz,Professor,Combinatorics and Optimization,AMATH,False,False,False,False,False,False,False,False,True,False,False,False,False,False,False,False,False,False,False
179,James Geelen,Professor,Combinatorics and Optimization,,False,False,False,False,False,False,False,False,False,False,False,False,False,False,False,False,False,False,False
180,Jochen Koenemann,Professor,Combinatorics and Optimization,CS,False,False,False,False,False,False,False,False,False,False,False,False,False,False,False,False,False,False,False
181,Joseph Cheriyan,Professor,Combinatorics and Optimization,,False,False,False,False,False,False,False,False,False,False,False,False,False,False,False,False,False,False,False
182,Karen Yeats,Professor,Combinatorics and Optimization,CS,False,False,False,False,False,False,False,False,False,False,False,False,False,False,False,False,False,False,False
183,Levent Tuncel,Professor,Combinatorics and Optimization,,False,False,False,False,False,False,False,False,False,False,False,False,False,False,False,False,False,False,False
184,Michele Mosca,Professor,Combinatorics and Optimization,"CS, AMATH, PHYS",True,False,False,False,False,False,True,False,False,False,False,False,False,False,False,False,False,False,False
185,Penelope Haxell,Professor,Combinatorics and Optimization,,False,False,False,False,False,False,False,False,False,False,False,False,False,False,False,False,False,False,False
186,Ricardo Fukasawa,Professor,Combinatorics and Optimization,,False,False,False,False,False,False,False,False,True,False,False,False,False,True,False,False,False,False,False
187,Stephen Vavasis,Professor,Combinatorics and Optimization,AMATH,False,False,False,False,False,False,False,False,True,False,False,False,False,False,False,False,False,False,False
188,William J. Cook,Professor,Combinatorics and Optimization,,False,False,False,False,False,False,False,False,False,False,False,False,False,False,False,False,False,False,False
210,Andrew Zucker,Assistant Professor,Pure Mathematics,,False,False,False,False,False,False,False,False,False,False,False,False,False,False,False,False,False,False,False
211,Elana Kalashnikov,Assistant Professor,Pure Mathematics,,False,False,False,False,False,False,False,False,False,False,False,False,False,False,False,False,False,False,False
212,Kateryna Tatarko,Assistant Professor,Pure Mathematics,,False,False,False,False,False,False,False,False,False,False,False,False,False,False,False,False,False,False,False
213,Xuemiao Chen,Assistant Professor,Pure Mathematics,,False,False,False,False,False,False,False,False,False,False,False,False,False,False,False,False,False,False,False
214,Benjamin Webster,Associate Professor,Pure Mathematics,,False,False,False,False,False,False,False,False,False,False,False,False,False,False,False,False,False,False,False
215,Benoit Charbonneau,Associate Professor,Pure Mathematics,PHYS,False,False,False,False,False,False,False,False,False,False,False,False,False,False,False,False,False,False,False
216,Matthew Kennedy,Associate Professor,Pure Mathematics,,False,False,False,False,False,False,False,False,False,False,False,False,False,False,False,False,False,False,False
217,Matthew Satriano,Associate Professor,Pure Mathematics,,False,False,False,False,False,False,False,False,False,False,False,False,False,False,False,False,False,False,False
218,Michael Brannan,Associate Professor,Pure Mathematics,,False,False,False,False,False,False,False,False,False,False,False,False,False,False,False,False,False,False,False
219,Ruxandra Moraru,Associate Professor,Pure Mathematics,,False,False,False,False,False,False,False,False,False,False,False,False,False,False,False,False,False,False,False
220,William Slofstra,Associate Professor,Pure Mathematics,,True,False,False,False,False,False,False,False,False,False,False,False,False,False,False,False,False,False,False
221,Xiaoheng Wang,Associate Professor,Pure Mathematics,,False,False,False,False,False,False,False,False,False,False,False,False,False,False,False,False,False,False,False
224,Alexandru Nica,Professor,Pure Mathematics,,False,False,False,False,False,False,False,False,False,False,False,False,False,False,False,False,False,False,False
225,B. Doug Park,Professor,Pure Mathematics,,False,False,False,False,False,False,False,False,False,False,False,False,False,False,False,False,False,False,False
226,Barbara Csima,Professor,Pure Mathematics,,False,False,False,False,False,False,False,False,False,False,False,False,False,False,False,False,False,False,False
227,Brian Forrest,Professor,Pure Mathematics,,False,False,False,False,False,False,False,False,False,False,False,False,False,False,False,False,False,False,False
228,Cameron Stewart,Professor,Pure Mathematics,,False,False,False,False,False,False,False,False,False,False,False,False,False,False,False,False,False,False,False
229,David McKinnon,Professor,Pure Mathematics,,False,False,False,False,False,False,True,False,False,False,False,False,False,False,False,False,False,False,False
230,Jason Bell,Professor,Pure Mathematics,,False,False,False,False,False,False,False,False,False,False,False,False,False,False,False,False,False,False,False
231,Kevin Hare,Professor,Pure Mathematics,,False,False,False,False,False,False,False,False,False,False,False,False,False,False,False,False,False,False,False
232,Laurent Marcoux,Professor,Pure Mathematics,,False,False,False,False,False,False,False,False,False,False,False,False,False,False,False,False,False,False,False
233,Michael Rubinstein,Professor,Pure Mathematics,,False,False,False,False,False,False,False,False,False,False,False,False,False,False,False,False,False,False,False
234,Nicolaas Spronk,Professor,Pure Mathematics,,False,False,False,False,False,False,False,False,False,False,False,False,False,False,False,False,False,False,False
235,Rahim Moosa,Professor,Pure Mathematics,,False,False,False,False,False,False,False,False,False,False,False,False,False,False,False,False,False,False,False
236,Ross Willard,Professor,Pure Mathematics,,False,False,False,False,False,False,False,False,False,False,False,False,False,False,False,False,False,False,False
237,Spiro Karigiannis,Professor,Pure Mathematics,,False,False,False,False,False,False,False,False,False,False,False,False,False,False,False,False,False,False,False
238,Wentang Kuo,Professor,Pure Mathematics,,False,False,False,False,False,False,False,False,False,False,False,False,False,False,False,False,False,False,False
239,Yu-Ru Liu,Professor,Pure Mathematics,,False,False,False,False,False,False,False,False,False,False,False,False,False,False,False,False,False,False,False
240,Alex Stringer,Assistant Professor,Statistics and Actuarial Science,,False,False,False,False,False,False,False,False,False,False,False,False,False,False,False,False,False,False,False
241,Audrey Beliveau,Assistant Professor,Statistics and Actuarial Science,,False,False,False,False,False,False,False,False,False,False,False,False,False,False,False,False,False,False,False
242,Aukosh Jagannath,Assistant Professor,Statistics and Actuarial Science,AMATH,False,False,False,False,False,False,False,False,False,False,False,False,False,False,False,False,False,False,False
243,Ben Feng,Assistant Professor,Statistics and Actuarial Science,,False,False,False,False,False,False,False,False,True,False,False,False,False,True,False,False,False,False,False
244,Fan Yang,Assistant Professor,Statistics and Actuarial Science,,False,False,False,False,False,False,False,False,False,False,False,False,False,False,False,False,False,False,False
245,Fangda Liu,Assistant Professor,Statistics and Actuarial Science,,False,False,False,False,False,False,False,False,False,False,False,False,False,False,False,False,False,False,False
246,Glen McGee,Assistant Professor,Statistics and Actuarial Science,,False,False,False,False,False,False,False,False,False,False,False,False,False,False,False,False,False,False,False
247,Lan Wen,Assistant Professor,Statistics and Actuarial Science,,False,False,False,False,False,False,False,False,False,False,False,False,False,False,False,False,False,False,False
248,Liqun Diao,Assistant Professor,Statistics and Actuarial Science,,False,False,False,False,False,False,False,False,True,False,False,False,False,False,False,False,False,False,False
249,Lisa Gao,Assistant Professor,Statistics and Actuarial Science,,False,False,False,False,False,False,False,False,False,False,False,False,False,False,False,False,False,False,False
250,Nathaniel Stevens,Assistant Professor,Statistics and Actuarial Science,,False,False,False,False,False,False,False,False,False,False,False,False,False,False,False,False,False,False,False
251,Peijun Sang,Assistant Professor,Statistics and Actuarial Science,,False,False,False,False,False,False,False,False,False,False,False,False,False,False,False,False,False,False,False
252,Qinglong Tian,Assistant Professor,Statistics and Actuarial Science,,False,False,False,False,False,False,False,False,False,False,False,False,False,False,False,False,False,False,False
253,Zelalem Negeri,Assistant Professor,Statistics and Actuarial Science,,False,False,False,False,False,False,False,False,False,False,False,False,False,False,False,False,False,False,False
254,Adam Kolkiewicz,Associate Professor,Statistics and Actuarial Science,,False,False,False,False,False,False,False,False,False,False,False,False,False,False,False,False,False,False,False
255,Bin Li,Associate Professor,Statistics and Actuarial Science,,False,False,False,False,False,False,False,False,False,False,False,False,False,False,False,False,False,False,False
256,Cecilia Cotton,Associate Professor,Statistics and Actuarial Science,,False,False,False,False,False,False,False,False,False,False,False,False,False,False,False,False,False,False,False
257,David Saunders,Associate Professor,Statistics and Actuarial Science,,False,False,False,False,False,False,False,False,False,False,False,False,False,False,False,False,False,False,False
258,Gregory Rice,Associate Professor,Statistics and Actuarial Science,,False,False,False,False,False,False,False,False,False,False,False,False,False,False,False,False,False,False,False
259,Kun Liang,Associate Professor,Statistics and Actuarial Science,,False,False,False,False,False,False,False,False,False,False,False,False,False,False,False,False,False,False,False
260,Leilei Zeng,Associate Professor,Statistics and Actuarial Science,,False,False,False,False,False,False,False,False,False,False,False,False,False,False,False,False,False,False,False
261,Mario Ghossoub,Associate Professor,Statistics and Actuarial Science,,False,False,False,False,False,False,False,False,False,False,False,False,False,True,False,False,False,False,False
262,Martin Lysy,Associate Professor,Statistics and Actuarial Science,,False,False,False,False,False,False,False,False,True,False,False,False,False,False,False,False,False,False,False
263,Michael Wallace,Associate Professor,Statistics and Actuarial Science,,False,False,False,False,False,False,False,False,True,False,False,False,False,False,False,False,False,False,False
264,Mikko Pakkanen,Associate Professor,Statistics and Actuarial Science,,False,False,False,False,False,False,False,False,False,False,False,False,False,False,False,False,False,False,False
265,Ryan Patrick Browne,Associate Professor,Statistics and Actuarial Science,,False,False,False,False,False,False,False,False,False,False,False,False,False,False,False,False,False,False,False
266,Samuel Wong,Associate Professor,Statistics and Actuarial Science,,False,False,False,False,False,False,False,False,False,False,False,False,False,False,False,False,False,False,False
267,Yeying Zhu,Associate Professor,Statistics and Actuarial Science,,False,False,False,False,False,False,False,False,False,False,False,False,False,False,False,False,False,False,False
268,Yi Shen,Associate Professor,Statistics and Actuarial Science,,False,False,False,False,False,False,False,False,False,False,False,False,False,False,False,False,False,False,False
269,Yingli Qin,Associate Professor,Statistics and Actuarial Science,,False,False,False,False,False,False,False,False,False,False,False,False,False,False,False,False,False,False,False
283,Alexander Schied,Professor,Statistics and Actuarial Science,,False,False,False,False,False,False,False,False,False,False,False,False,False,False,False,False,False,False,False
284,Ali Ghodsi,Professor,Statistics and Actuarial Science,CS,False,False,False,False,False,False,False,False,True,False,False,False,False,True,False,False,False,False,False
285,Changbao Wu,Professor,Statistics and Actuarial Science,,False,False,False,False,False,False,False,False,False,False,False,False,False,False,False,False,False,False,False
286,Charmaine Dean,Professor,Statistics and Actuarial Science,,False,False,False,False,False,False,False,False,False,False,False,False,False,False,False,False,False,False,False
287,Chengguo Weng,Professor,Statistics and Actuarial Science,,False,False,False,False,False,False,False,False,True,False,False,False,False,False,False,False,False,False,False
288,Christiane Lemieux,Professor,Statistics and Actuarial Science,,False,False,False,False,False,False,False,False,False,False,False,False,False,False,False,False,False,False,False
289,David Landriault,Professor,Statistics and Actuarial Science,,False,False,False,False,False,False,False,False,False,False,False,False,False,False,False,False,False,False,False
290,Gordon Willmot,Professor,Statistics and Actuarial Science,,False,False,False,False,False,False,False,False,False,False,False,False,False,False,False,False,False,False,False
291,Joel Dubin,Professor,Statistics and Actuarial Science,,False,False,False,False,False,False,False,False,True,False,False,False,False,False,False,False,False,False,False
292,Johnny Li,Professor,Statistics and Actuarial Science,,False,False,False,False,False,False,False,False,False,False,False,False,False,False,False,False,False,False,False
293,Jun Cai,Professor,Statistics and Actuarial Science,,False,False,False,False,False,False,False,False,False,False,False,False,False,False,False,False,False,False,False
294,Mary Hardy,Professor,Statistics and Actuarial Science,,False,False,False,False,False,False,False,False,False,False,False,False,False,False,False,False,False,False,False
295,Matthias Schonlau,Professor,Statistics and Actuarial Science,,False,False,False,False,False,False,False,False,True,False,False,False,False,False,False,False,False,False,False
296,Mu Zhu,Professor,Statistics and Actuarial Science,,False,False,False,False,False,False,False,False,True,False,False,False,False,False,False,False,False,False,False
297,Paul Marriott,Professor,Statistics and Actuarial Science,,False,False,False,False,False,False,False,False,False,False,False,False,False,False,True,False,False,False,False
298,Pengfei Li,Professor,Statistics and Actuarial Science,,False,False,False,False,False,False,False,False,False,False,False,False,False,False,False,False,False,False,False
299,Richard Cook,Professor,Statistics and Actuarial Science,HEALTH,False,False,False,False,False,False,False,False,False,False,False,False,False,False,False,False,False,False,False
300,Ruodu Wang,Professor,Statistics and Actuarial Science,,False,False,False,False,False,False,False,False,True,False,False,False,False,False,False,False,False,False,False
301,Shoja'eddin Chenouri,Professor,Statistics and Actuarial Science,,False,False,False,False,False,False,False,False,True,False,False,False,False,False,False,False,False,False,False
302,Stefan Steiner,Professor,Statistics and Actuarial Science,,False,False,False,False,False,False,False,False,False,False,False,False,False,False,False,False,False,False,False
303,Steve Drekic,Professor,Statistics and Actuarial Science,,False,False,False,False,False,False,False,False,False,False,False,False,False,False,False,False,False,False,False
304,Tony Wirjanto,Professor,Statistics and Actuarial Science,,False,False,False,False,False,False,False,False,True,False,False,False,False,False,False,False,False,False,False
305,Wayne Oldford,Professor,Statistics and Actuarial Science,,False,False,False,False,False,False,False,False,True,False,False,False,False,False,False,False,False,False,False
306,Shai Ben-David,Professor,Cheriton School of Computer Science,STAT,False,False,False,False,False,False,False,False,True,False,False,False,False,True,False,False,False,False,False
307,Grace Yi,Professor,Statistics and Actuarial Science,HEALTH,False,False,False,False,False,False,False,False,False,False,False,False,False,False,False,False,False,False,False
